    ,Trees,Learning Rate,Subsample,% Features,Weight of Default,AUC Train,AUC Test 1,AUC Test 2
    0,50,0.01,0.5,0.5,1,0.7634237698027422,0.5296146735362303,0.47189840947528633
    1,50,0.01,0.8,0.5,1,0.7618306614883275,0.5234276685062025,0.4732981807924473
